metric,value
final_mae,0.00020380689238663763
final_mse,1.2681093153332768e-07
test_mse,1.5405703379656188e-07
