metric,value
final_mae,0.00023005009279586375
final_mse,1.3843946078395675e-07
test_mse,1.601565315922926e-07
param_mse,9.412397126697262e-05
