metric,value
final_mae,0.0003490106901153922
final_mse,3.2708931030356325e-07
test_mse,3.433939639307937e-07
param_mse,0.0006767790068295488
