metric,value
final_mae,0.0010144967818632722
final_mse,3.1285433124139672e-06
test_mse,2.3979296202014666e-06
