metric,value
final_mae,0.00010244851000607014
final_mse,2.7850706629806155e-08
test_mse,1.1745926542516827e-07
param_mse,16.22709807991831
