metric,value
final_mae,0.00011367923434590921
final_mse,3.750588462025917e-08
test_mse,5.7306770884224534e-08
