metric,value
final_mae,2.4057357222773135e-05
final_mse,1.4469042630693707e-09
test_mse,2.516380659400852e-09
