metric,value
final_mae,0.00017605148605071008
final_mse,8.765864834003878e-08
test_mse,2.1139153716376313e-07
