{
  "best_value": 0.9055234689997936,
  "best_params": {
    "rtol": 0.00016674411940053173,
    "atol": 9.987394370560789e-05
  }
}