metric,value
final_mae,0.00683017959818244
final_mse,0.0001330842642346397
test_mse,0.00013261366984806955
param_mse,1632.852596532343
