metric,value
final_mae,0.006890131626278162
final_mse,0.00013531763397622854
test_mse,0.00013326284533832222
