metric,value
final_mae,0.00033062565489672124
final_mse,4.3320582676642516e-07
test_mse,3.178874692366662e-07
