metric,value
final_mae,0.00032716846908442676
final_mse,4.2063487626364804e-07
test_mse,3.1666056088397454e-07
param_mse,0.00022576494387442238
